<?xml version="1.0" encoding="ISO-8859-1" ?>
<accountmaster 
xmlns:xsi="http://www.w3.org/2001/XMLSchema-instance"
xsi:noNamespaceSchemaLocation="Account.xsd">
<customerdetails>
<account>
<account_no>10001</account_no>
<accountholder_name>Rajesh Sharma</accountholder_name>
<accountholder_address>Mumbai</accountholder_address>
</account>

<account>
<account_no>10002</account_no>
<accountholder_name>aniket Vishwas</accountholder_name>
<accountholder_address>Delhi</accountholder_address>
</account>
<account>
<account_no>10003</account_no>
<accountholder_name>Abhishek kumar</accountholder_name>
<accountholder_address>Pune</accountholder_address>
</account>
<account>
<account_no>10004</account_no>
<accountholder_name>Shivani Shah</accountholder_name>
<accountholder_address>Gandhinagar</accountholder_address>
</account>
<account>
<account_no>10005</account_no>
<accountholder_name>Anjali Mishra</accountholder_name>
<accountholder_address>Mumbai</accountholder_address>
</account>
</customerdetails>
</accountmaster>